date,tweet,key_tweets
2021-03-22,@bluemoondance74 @NASASpaceflight Going well. Lot of work for an extra 20 secs of Isp!,0
2021-03-21,@NASASpaceflight Hopefully will happen this decade,0
2021-03-21,@newscientist True,0
2021-03-21,@cleantechnica I am accumulating resources to help make life multiplanetary &amp; extend the light of consciousness to the stars,0
2021-03-21,"@CathieDWood When vast amounts of manufacturing are needed, as in robotaxis, this slows down rate of introduction, so maybe more like winner-takes-a-quarter. Still great.",0
2021-03-21,"@Swaggerheim @SciGuySpace Not trying to roast, just being as literal as possible",0
2021-03-21,@johnkrausphotos ð¤£ð¤£,0
2021-03-21,"@AtomicsAstro @PPathole Yeah, but Iâm English",0
2021-03-21,"@SciGuySpace Not quite how I would tell the story, but itâs probably worth a read",0
2021-03-21,@PPathole This is important,0
2021-03-21,"@TrungTPhan Wow, hard to believe that was 17 years ago!",0
2021-03-21,@TeslaPhx @CodingMark @EvaFoxU @jrosinski97 @daelmor @piangfa @Kristennetten @jessica_kirsh @JC_finance @jeremyjudkins !,0
2021-03-20,@Erdayastronaut @Twitter @TwitterComms @verified @jack Sigh,0
2021-03-20,@OwenSparks_ I actually ate the sandwich haha!,0
2021-03-20,@TheBabylonBee ð¤£ð¤£,0
2021-03-20,Music in zero gravity  https://t.co/bepfMipjrE,0
2021-03-20,"@WholeMarsBlog Given significant architectural changes, including fundamental improvements to pure vision, there is limited value to testing 8.x. Hoping to upload V9.0 &amp; button next month.",0
2021-03-20,@SpacexVision An orbital propellant depot optimized for cryogenic storage probably makes sense long-term,0
2021-03-19,@Teslarati ÐÑÐµÑÑÑÐ¿Ð»ÐµÐ½ÑÐµ Ð¸ Ð½Ð°ÐºÐ°Ð·Ð°Ð½ÑÐµ,0
2021-03-19,@MarcusHouse The [ahem] reach-around,0
2021-03-19,"@RationalEtienne @jordanbpeterson We could talk about Life, the Universe and Everything",0
2021-03-19,@VinterNix @Bell Coming soon!,0
2021-03-19,@MoMoButFaster ð¤£ð¤£,0
2021-03-19,"@remouherek @SciGuySpace As you can see, I have a long history with using tents!",0
2021-03-19,@jordanbpeterson What would you like to talk about?,0
2021-03-19,@teslaownersSV ð¯,0
2021-03-19, https://t.co/Ngk8SJvDUW,0
2021-03-19,"@melaniemadri @thejackbeyer @NASASpaceflight Floor is installed, elevator is operational, waiting on glass",0
2021-03-19,@thejackbeyer @NASASpaceflight The high bay is measured to fit!,0
2021-03-18,@tobyliiiiiiiiii We will need launch tower for that. Hook height for the lift is ~140 m &amp; both booster &amp; ship need to be stabilized at stage separation joint.,0
2021-03-18,"@Erdayastronaut Yes, Booster 1 is a production pathfinder, figuring out how to build &amp; transport 70 meter tall stage. Booster 2 will fly.",0
2021-03-18,First Super Heavy Booster  https://t.co/0K5QPsEbbt,0
2021-03-18,@lexfridman Sometimes itâs about Doge,0
2021-03-18,@lexfridman Haha,0
2021-03-18,The simulation really struggled to make this look real haha  https://t.co/t8zvFTRUHU,0
2021-03-18,Aspirationally acerbic alliteration  -&gt; Bullshit baffles brains,0
2021-03-17,@Rjdlandscapes @Erdayastronaut @SpaceX Thatâs our goal,0
2021-03-17,SN11 almost ready to fly,0
2021-03-17,@Erdayastronaut @SpaceX cgi irl,0
2021-03-16,"Actually, doesnât feel quite right selling this. Will pass.",0
2021-03-15,@beeple 420M Doge,0
2021-03-15,Iâm selling this song about NFTs as an NFT  https://t.co/B4EZLlesPx,0
2021-03-15,@Tesmanian_com Yes,0
2021-03-15,"@SciGuySpace SpaceX did 2X rest of world payload to orbit last year, probably 3X to 4X this year",0
2021-03-14,I love music. It makes my heart sing.,0
2021-03-14,This is good   https://t.co/8KATmh2BJx,0
2021-03-14,Play your favorite song in a Tesla &amp; turn the volume to 11  You will see. You will feel.,0
2021-03-14,@____AMiR__ @SpaceX We will support as best we can,0
2021-03-14,"@SpaceX Fly my pretties, fly â¦",0
2021-03-14,A puckish rogue  https://t.co/98q8bCT68q,0
2021-03-14,@leastImAlive @itsALLrisky @vladtenev This is an opportunity for RH to outdo CB!,0
2021-03-14,"@WholeMarsBlog What has become absolutely clear is that the plethora of self-driving corner cases can only be solved with real-world optical intelligence. This is how humans designed the road system to work.   Once you have that in silicon form, everything else is just icing on the cake.",0
2021-03-14,Falcon flies for the 9th time tonight,0
2021-03-14,@WholeMarsBlog It sees in all directions simultaneously,0
2021-03-14,Iâm getting a Shiba Inu #resistanceisfutile,0
2021-03-14,@justpaulinelol Ja,0
2021-03-14,Homo sapiens techno:  Loves raves &amp; technology,0
2021-03-13,"Why are you so dogematic, they ask",0
2021-03-13,"Origin of Doge Day Afternoon: The ancient Romans sacrificed a Dogecoin at the beginning of the Doge Days to appease the rage of Sirius, believing that the star was the cause of the hot, sultry weather.",coin
2021-03-13,Doge day afternoon,0
2021-03-13,Woketopia. Battle for the Moral High Ground in this new game!,0
2021-03-13,ð¶ This Magic Moment ð¶,0
2021-03-13,@itsALLrisky Yes!,0
2021-03-13,@TSLAgang @SpinelessModer1 Yes,0
2021-03-12,@ashleevance For sure wise for elderly or immunocompromised to take the vaccine. Some debate about the second jab though. Quite a few negative reactions to that.,0
2021-03-12,FSD Beta has now been expanded to ~2000 owners &amp; weâve also revoked beta where drivers did not pay sufficient attention to the road. No accidents to date.  Next significant release will be in April. Going with pure vision â not even using radar. This is the way to real-world AI.,0
2021-03-12,@pflodin @DoctorKarl Absolutely,0
2021-03-12,Both do mining &amp; use blocks &amp; chains,0
2021-03-12,BTC (Bitcoin) is an anagram of TBC(The Boring Company) What a coincidence!,coin
2021-03-12,@FFairing @thejackbeyer @NASASpaceflight Quarks &amp; leptons,0
2021-03-12,@thejackbeyer @NASASpaceflight Green flame in this context means engine is burning internal components made of copper. This is usually followed by a RUD (Rapid Unscheduled Disassembly).,0
2021-03-11,@tesla_adri @28delayslater @TrevorMahlmann @SpacePadreIsle Dieses Jahr,0
2021-03-11,@ErcXspace @SpaceX @NASASpaceflight @Erdayastronaut Transparent aluminum (ALON) might be cool,0
2021-03-11,@TrevorMahlmann @SpacePadreIsle Celebrating a year of great work by the SpaceX team!,0
2021-03-11,@DraperYounce Wow!,0
2021-03-11,@_Shameless_Plug @Falcon9Block5 @bluemoondance74 @arstechnica @SciGuySpace .@BoredElonMusk,0
2021-03-11,"@WholeMarsBlog Like @CyberpunkGame, but *with* self-driving haha",0
2021-03-11,"@PPathole @arstechnica @SciGuySpace If 2021 manifest is met, SpaceX will do ~75% of total Earth payload to orbit with Falcon.  A single Starship is designed to do in a day what all rockets on Earth currently do in a year.   Even so, ~1000 Starships will take ~20 years to build a self-sustaining city on Mars.",0
2021-03-11,@TezlaMick @arstechnica @SciGuySpace Yes,0
2021-03-11,"@arstechnica @SciGuySpace Falcon 9 is almost always at max capacity. When it has âspareâ performance, it flies back to land, which costs much less than using a droneship.  Our fundamental constraint is mass to orbit per unit time. Last year, SpaceX launched roughly double payload mass of rest of world.",0
2021-03-11,"@WholeMarsBlog @Herbert_Diess Fuel cells should be called fool sells! Such a silly choice for cars. Not great even for a rocket upper stage imo, but at least not absurd.",0
2021-03-10,"@PPathole I was just up there. Elevator on the other side. Floor is in, glass coming soon.",0
2021-03-10,"@Erdayastronaut @tobyliiiiiiiiii @NASASpaceflight Yeah, we talked about that internally. Could just have it land on a big net or bouncy castle. Lacks dignity, but would work. But, optimized landing propellant is only ~5% of dry mass, so itâs not a gamechanger.",0
2021-03-10,"@tobyliiiiiiiiii @Erdayastronaut @NASASpaceflight Might just catch the ship with the launch tower, same as booster",0
2021-03-10,@ashleevance Battery energy density is the key to electric aircraft. Autonomy for aircraft could have been done a long time ago. Modern airliners are very close to autonomous.,0
2021-03-10,"@Erdayastronaut @NASASpaceflight There were baffles, but one may have acted like a straw to suck bubbles in from above liquid/gas level.   Something similar happened on an early Falcon 1 flight, resulting in unexpectedly high liquid oxygen residuals at main engine cutoff.",0
2021-03-09,@Astro_Soichi â¥ï¸ ð¯ðµ,0
2021-03-09,"@NASASpaceflight Fair point. If autogenous pressurization had been used, CH4 bubbles would most likely have reverted to liquid.   Helium in header was used to prevent ullage collapse from slosh, which happened in prior flight. My fault for approving. Sounded good at the time.",0
2021-03-09,@austinbarnard45 SN10 engine was low on thrust due (probably) to partial helium ingestion from fuel header tank. Impact of 10m/s crushed legs &amp; part of skirt. Multiple fixes in work for SN11.,0
2021-03-09,@eurotechjunkie @Alpsoy66 @WholeMarsBlog We will ask the regulators,0
2021-03-09,"@WholeMarsBlog Build 8.3 of FSD should be done QA testing by end of next week, so thatâs roughly when download button should show up",0
2021-03-09,"@WholeMarsBlog Assuming user approves warning &amp; agrees to drive carefully, it will download latest QA-tested FSD âBetaâ build as soon as car connects to wifi",0
2021-03-09,@CyberpunkGame Delamain AI cabs should be able to drive themselves when youâre in them &amp; be electric by 2077,0
2021-03-09,@WholeMarsBlog â¦ it until you make it,0
2021-03-08,"@thesheetztweetz Not connecting Tesla cars to Starlink, as our terminal is much too big. This is for aircraft, ships, large trucks &amp; RVs.",0
2021-03-08,"Starbase, Texas  https://t.co/mt4IpqqmjF",0
2021-03-08,@Harbles Itâs all hot air in the end haha,0
2021-03-08,"@Teslarati @KlenderJoey Still many fine details to address, but the final product will be fantastic. Thereâs nothing else even close.",0
2021-03-08,"@WholeMarsBlog @klwtts Haha true. Yet, still, so much dignity is ascribed to horses!",0
2021-03-08,Carnot efficiency of the Universe?,0
2021-03-08,"@engineers_feed Ultimately, yes",0
2021-03-07,"Great band, too bad they broke up  https://t.co/VQm7HhHw2M",0
2021-03-06,"@garyblack00 Update probably in Q2. Cybertruck will be built at Giga Texas, so focus right now is on getting that beast built.",0
2021-03-06,"@westcoastbill The $1400 is mostly good imo (UBI lite), as the people get to choose how the money is spent, but the rest is mostly net bad for the people as a whole (though it is obviously characterized otherwise).",0
2021-03-06,"@arctechinc Should be very soon. Many subtle differences between US &amp; Canada roads, so harder than it seems.",0
2021-03-06,"@LarryKellogg @arctechinc The Tesla FSD computer started shipping in volume in Q2 2019. 2020 cars should all have FSD computers, whether or not  ordered as an option.",0
2021-03-06,Availability varies by region due to regulatory approval delays and/or Tesla internal development &amp; testing.   Note: word âBetaâ is used to reduce complacency in usage &amp; set expectations appropriately. All software is first tested internally by Tesla simulation &amp; QA drive teams.,0
2021-03-06,"Due to high levels of demand for FSD Beta, adding âDownload Betaâ button to Service section of car display in ~10 days",0
2021-03-06,Doge spelled backwards is Egod,0
2021-03-06,@WholeMarsBlog Beta V8.3 has literally ~1000 improvements. Will take time to QA internally before release probably in two or three weeks.,0
2021-03-06,@SomePaleGamer ð¤£ð¤£,0
2021-03-06,@PPathole @TimSweeneyEpic This was way past leg loads. They got squashed hard.,0
2021-03-06,"If you want the Tesla Full Self-Driving Beta downloaded to your car, let us know. Doubling beta program size now with 8.2 &amp; probably 10X size with 8.3. Still be careful, but itâs getting mature.",0
2021-03-06,@chicago_glenn @TimSweeneyEpic @TrevorMahlmann Starhopper is an old timer who has seen a lot of things!,0
2021-03-06,"@TimSweeneyEpic Thrust was low despite being commanded high for reasons unknown at present, hence hard touchdown. Weâve never seen this before.  Next time, min two engines all the way to the ground &amp; restart engine 3 if engine 1 or 2 have issues.",0
2021-03-06,@TimSweeneyEpic Was super fun tbh haha,0
2021-03-05,@Jason Or is this just fantasy?,0
2021-03-05,ð,0
2021-03-05,SN10 is in Valhalla now  https://t.co/dHy4tDVGnI,0
2021-03-05,Cybervikings of Mars,0
2021-03-05,"@WholeMarsBlog Tesla AI, both hardware &amp; software, is deeply underestimated",0
2021-03-04,@RenataKonkoly @skorusARK ð¤£ð¤£,0
2021-03-04,"@skorusARK Tesla &amp; Ford are the only American carmakers not to have gone bankrupt out of 1000âs of car startups. Prototypes are easy, production is hard &amp; being cash flow positive is excruciating.",0
2021-03-04,@Jason cgi irl @spacex,0
2021-03-04,"@PPathole @SpaceX SpaceX team is doing great work! One day, the true measure of success will be that Starship flights are commonplace.",0
2021-03-04,"@Erdayastronaut @SpaceX RIP SN10, honorable discharge",0
2021-03-04,Starship SN10 landed in one piece!,0
2021-03-03,Launch abort on slightly conservative high thrust limit. Increasing thrust limit &amp; recycling propellant for another flight attempt today.,0
2021-03-03,5 mins to Starship test flight attempt,0
2021-03-03,March 3rd,0
2021-03-03,Starship launch tomorrow. Window opens at 9am.,0
2021-03-03,"@LuvMyModel3 @billhuang688 @F9Block5 @PPathole Yes, beta will be offered much more widely when version 9 is done, hopefully next month",0
2021-03-03,@billhuang688 @F9Block5 @PPathole FSD beta build V8.1 normally drives me around with no interventions. Next version is a big step change beyond that. Tesla is solving a major part of real-world AI. This is not widely known.,0
2021-03-03,@LabPadre @SpaceX Youâre welcome,0
2021-03-03,@PPathole @Erdayastronaut @LabPadre @Larry_in_Canada Good point,0
2021-03-03,"@Erdayastronaut @LabPadre @Larry_in_Canada Ok, letâs figure this out tomorrow. Iâm all for exciting video coverage, but we also canât have the place festooned with cameras.",0
2021-03-03,@LabPadre @Larry_in_Canada First Iâve heard of this. Weâll fix the situation. Iâm a fan of @labpadre video!,0
2021-03-03,@DJSnM Indeed it was,0
2021-03-03,"@F9Block5 @PPathole Sounds about right, but we want to be very careful with this transition period",0
2021-03-03,"@PPathole There was still a surprisingly high usage of horses in 1940, but the trend was obvious",0
2021-03-02,@Adamklotz_ @SpaceX Space,0
2021-03-02,"From thence to Mars, And hence the Stars.",0
2021-03-02,@nextspaceflight @NASASpaceflight An area much larger than Boca Chica,0
2021-03-02,@WootiezTV Very much so &amp; its leader shall be The Doge   https://t.co/VXmuW5c0y9,0
2021-03-02,"Creating the city of Starbase, Texas",0
2021-03-02,@Pslavi Cool,0
2021-03-02,@teslaownersSV Yup,0
2021-03-02,Horses are even self-driving!  https://t.co/qPJrCFGs8J,0
2021-03-02,Scammers &amp; crypto should get a room,crypto
2021-03-02,@draecomino 2022: Dogecoin is dumb,coin
2021-03-01,"@WholeMarsBlog Note, buying FSD will still be a better long-term deal than subscription",0
2021-03-01,@WholeMarsBlog Q2 for sure,0
2021-03-01,Green eggs &amp; SPAC,0
2021-03-01,"@totalspace360 Looks familiar haha. Nonetheless, the right move. Congrats to Rocket Lab.",0
2021-03-01,@WholeMarsBlog Tesla China team rocks!,0
2021-03-01,Doge meme shield (legendary item)  https://t.co/CeomU9q84c,0
2021-03-01,New drug coming out called Regretamine. Pop one &amp; all regrets are gone.,0
2021-03-01,Always wondered where exactly your gaming character keeps all the stuff  https://t.co/nNk2MeFGjf,0
2021-03-01,@thesheetztweetz Ahem â¦,0
2021-02-26, https://t.co/jJeP4pFR6m,0
2021-02-26,Do androids dream of electric cars?,0
2021-02-26,@Sharvenium @flcnhvy ð¤£ð¤£,0
2021-02-26,@flcnhvy  https://t.co/VfQ72XyaiH,0
2021-02-26,@konstructivizm Nothing if not discreet,0
2021-02-26,@konstructivizm Hey babe ð,0
2021-02-25,ð  https://t.co/BBwnTndvoi,0
2021-02-25,"@chicago_glenn @RationalEtienne @skorusARK We will use a catapult &amp; air mattresses to land on the roof, then base jump off",0
2021-02-25,@RationalEtienne @skorusARK Nickel is our biggest concern for scaling lithium-ion cell production. Thatâs why we are shifting standard range cars to an iron cathode. Plenty of iron (and lithium)!,0
2021-02-25,@harsimranbansal @skorusARK Absolutely,0
2021-02-25,@MemesOfMars @skorusARK Fremont shut down for two days (parts shortages) &amp; restarted yesterday,0
2021-02-25,"@skorusARK This is not about winning anyone over. We are production-limited. The reason we are making our own cells is to *supplement* max production of suppliers. Even moving at full speed, they cannot build enough cells.",0
2021-02-25,@RationalEtienne I hope they do! It would be awesome ð¤£ð¤£,0
2021-02-25,"@Rjdlandscapes @Tesla Prices in the US (of all goods) donât include VAT, but itâs usually included in other countries.   Then thereâs import duty &amp; transport costs.  The intent is that revenue to Tesla is roughly similar in all countries, so taxes, tariffs &amp; transport make up the difference.",0
2021-02-25,@cleantechnica 3mm of full hard 301 or 304 Stainless is bulletproof to a 9mm or .45,0
2021-02-25,"Not a meta4, I mean actual books",0
2021-02-25,@GJGunit Both,0
2021-02-25,I admit to judging books by their cover,0
2021-02-25,Starship to the moon  https://t.co/tVMJbBk3BU,0
2021-02-25,@johnkrausphotos Sounds like a good idea,0
2021-02-25,"Out on launch pad, engine swap underway  https://t.co/QNXGtL90WN",0
2021-02-25,"@teslaownersSV Probably mid year, but Starlink is really meant for those who are least served. Bay usually has great Internet.",0
2021-02-25,You might see much higher download speeds on Starlink at times. Testing system upgrades.,0
2021-02-24,@jeff_foust Rockets are ridiculously hard (sigh),0
2021-02-24,@VitoTheGreat_ I love dogs &amp; memes,0
2021-02-24,On the actual moon,0
2021-02-24,Literally  https://t.co/XBAUqiVsPH,0
2021-02-24,@flcnhvy @HsueEugene @teslaownersSV @cleantechnica Potentially,0
2021-02-24,"@TesLatino @teslaownersSV @cleantechnica Many steps forward, some steps back. Yes, we do a lot of QA before releasing a beta version.",0
2021-02-24,@_kenh @tobyliiiiiiiiii @Erdayastronaut @ErcXspace They will fly there from our launch site.   Stationed around the world.,0
2021-02-24,@HsueEugene @teslaownersSV @cleantechnica Seems likely,0
2021-02-24,"@teslaownersSV @cleantechnica Weâre upgrading all NNs to surround video, using subnets on focal areas (vs equal compute on all uncropped pixels) &amp; many other things, so more time needed to write &amp; validate software. Maybe something next week.  This is evolving into solving a big part of physical world AI.",0
2021-02-24,@cleantechnica Interesting,0
2021-02-24,@tobyliiiiiiiiii @Erdayastronaut @ErcXspace One of them may be in limited operation by end of year,0
2021-02-24,"@TheFavoritist @NASASpaceflight @BocaChicaGal One of the engines is suspect, so weâre swapping it out",0
2021-02-24,"@Erdayastronaut @ErcXspace Short-term, CH4 delivered &amp; O2 produced. Propellant is ~78% O2. Long-term, Sabatier reaction to convert CO2 + H2O -&gt; CH4 + O2 using wind &amp; solar power.",0
2021-02-23,@AskDrStupid Just a Surface Detail,0
2021-02-23,@ErcXspace I hope we donât go bankrupt building them!,0
2021-02-23,Excession,0
2021-02-23,@mimimusics ð¥ð¥,0
2021-02-23,@PeterSchiff ð,0
2021-02-23,@PPathole Super cool,0
2021-02-22,@jgrano305 @AustinTeslaClub We have too much product complexity already,0
2021-02-22,@TechAmazing @UniverCurious Tunnels!!,0
2021-02-22,"@JantieWillie @Adamklotz_ @AustinTeslaClub Hopefully, later this year",0
2021-02-22,@Adamklotz_ @AustinTeslaClub Later this year,0
2021-02-22,"@jgrano305 @AustinTeslaClub It is still available off menu, but I donât think the range, in many drive conditions, yet meets the Tesla standard of excellence",0
2021-02-22,"@AustinTeslaClub The Tesla Solar Roof is slightly hydrophobic, so water, snow or ice slide off easily",0
2021-02-22,@teslaownersSV Final design is lookingð Was just in the studio,0
2021-02-22,"@eugenelee3 @SpaceXFan97 Most of Earth by end of year, all by next year, then itâs about densifying coverage.   Important to note that cellular will always have the advantage in dense urban areas.   Satellites are best for low to medium population density areas.",0
2021-02-22,@SpaceXFan97 Speed will double to ~300Mb/s &amp; latency will drop to ~20ms later this year,0
2021-02-21,Of spaceflight,0
2021-02-21,Hypernominalization,0
2021-02-21,Dojo 4 Doge,0
2021-02-21,@BocaChicaGal @NASASpaceflight Good chance of flying this week!,0
2021-02-21,@PPathole Should we?,0
2021-02-21,@RationalEtienne ð¤£ð¤£,0
2021-02-21,@TheBabylonBee Why donât we have these already!?,0
2021-02-20,Cryptocurrency explained  https://t.co/kUXaXx8a1R,0
2021-02-20,Or did they say pegged to the dollar? Something like that â¦,0
2021-02-20,Heard a rumor some crypto coin was pegging the dollar ð¤£ð¤£,crypto
2021-02-20,@MIT_CSAIL Machine learning is so amaze!,0
2021-02-20,"@PPathole @dogecoin Just some used Antminer L3+ rigs bought off eBay. Not really economic, but it was a fun family project.",coin
2021-02-20,"@WholeMarsBlog Most people have no idea, even though there are so many FSD progress videos posted. Munro understood right away.   There will be a gap before the next release, but then it will be a step change better.  Tesla is solving a major real-world AI problem.",0
2021-02-20,@dogecoin I just set up some little Doge mining rigs with my kids. It was fun.,coin
2021-02-20,@redditSpacePorn ð¤£ð¤£,0
2021-02-20,"@PeterSchiff That said, BTC &amp; ETH do seem high lol",0
2021-02-20,"@PeterSchiff An email saying you have gold is not the same as having gold. You might as well have crypto.  Money is just data that allows us to avoid the inconvenience of barter.  That data, like all data, is subject to latency &amp; error. The system will evolve to that which minimizes both.",crypto
2021-02-19,@chicago_glenn @archillect ð¤£ð¤£,0
2021-02-19,@archillect Avocado Toast,0
2021-02-19,I just want to start a flame in your heart,0
2021-02-19,Just for a day,0
2021-02-19,@NASA Congratulations!!,0
2021-02-19,@YourLordThanos @Waymo ð¥ð¥,0
2021-02-19,"@realfuckingnews @business Somehow, a hash text file using ancient crypto can be exchanged for real goods &amp; services!? Amazing.",crypto
2021-02-19,"@business To be clear, I am *not* an investor, I am an engineer. I donât even own any publicly traded stock besides Tesla.   However, when fiat currency has negative real interest, only a fool wouldnât look elsewhere.   Bitcoin is almost as bs as fiat money. The key word is âalmostâ.",coin
2021-02-19,"@business Teslaâs action is not directly reflective of my opinion. Having some Bitcoin, which is simply a less dumb form of liquidity than cash, is adventurous enough for an S&amp;P500 company.",coin
2021-02-18,@Teslarati SpaceX in south Texas &amp; Tesla in central have been providing direct assistance where feasible (eg save cold turtles &amp; help power the water treatment plant). Please let us know if we may be helpful in other ways.,0
2021-02-18,@someone3201 @ERCOT_ISO Yes,0
2021-02-17,.@ERCOT_ISO is not earning that R,0
2021-02-17,@MattWallace888 @vladtenev @RobinhoodApp Youâre right,0
2021-02-16,"@Tesla Covered in snow &amp; ice, roads mostly closed &amp; no power in Austin",0
2021-02-16,@cz_binance @MansourShahrokh There will definitely be a MarsCoin!,0
2021-02-16,@itsALLrisky Sounds like it is,0
2021-02-16,@BrennanChant @SpaceX Yeah. Active fairing half recovered though.,0
2021-02-16,@rockstardenied @SpaceX SpaceX Boca team is helping save the turtles,0
2021-02-16,@MrotondiMy @ogeNews1 @ShaunStoffer ~5%,0
2021-02-16,@ogeNews1 @ShaunStoffer Disturbing concentration,0
2021-02-15,@MansourShahrokh Only if necessary,0
2021-02-15,@itsALLrisky Absolutely,0
2021-02-15,I will literally pay actual $ if they just void their accounts,0
2021-02-15, https://t.co/w11m1IAG0z,0
2021-02-15,@itsALLrisky Yup,0
2021-02-15,"@JaneidyEve Temporarily lower, long-term raise",0
2021-02-14,@RationalEtienne An acceptable percentage. Doge is much more concentrated.,0
2021-02-14,"If major Dogecoin holders sell most of their coins, it will get my full support. Too much concentration is the only real issue imo.",coin
2021-02-14,@MarcusHouseGame Success on landing probability is ~60% this time,0
2021-02-13,Ð±ÑÐ»Ð¾ Ð±Ñ Ð±Ð¾Ð»ÑÑÐ¾Ð¹ ÑÐµÑÑÑÑ Ð¿Ð¾Ð³Ð¾Ð²Ð¾ÑÐ¸ÑÑ Ñ Ð²Ð°Ð¼Ð¸,0
2021-02-13,.@KremlinRussia_E would you like join me for a conversation on Clubhouse?,0
2021-02-13,Lil meme juice for the weekend  https://t.co/e9rVtk4SEe,0
2021-02-13,"@Erdayastronaut Good analysis. Weâre working on lowering min throttle of Raptor, so that there is engine redundancy throughout the landing burn.",0
2021-02-13,"@PPathole @dixonspace @Kristennetten @CathieDWood Yup. Banks are basically balkanized, heterogeneous databases with high latency &amp; weak security, especially ACH transfers &amp; credit cards.",0
2021-02-12,@dixonspace @Kristennetten @CathieDWood A know a thing or two about payments,0
2021-02-12,@kunalb11 Iâm an alien,0
2021-02-12,@ID_AA_Carmack Ray tracing on Cyberpunk with HDR is next-level. Have you tried it?,0
2021-02-11,@joerogan @Spotify Great interview!,0
2021-02-11,@gtera27 Doge is underestimated,0
2021-02-11,@teslacn Congratulations Tesla China for amazing execution last year. Now on to the next for even more!!,0
2021-02-11,Happy New Year of the Ox!  https://t.co/9WFKMYu2oj,0
2021-02-11,"Frodo was the underdoge, All thought he would fail, Himself most of all.  https://t.co/zGxJFDzzrM",0
2021-02-11,@OwenSparks_ @flcnhvy @anonyx10 Haha thanks :),0
2021-02-11,@flcnhvy @anonyx10 Indeed! Tweets definitely do not represent real-world time allocation.,0
2021-02-10,The most entertaining outcome is the most likely,0
2021-02-10,@GiveDirectly Just sent some,0
2021-02-10,Just agree to do Clubhouse with @kanyewest,0
2021-02-10, https://t.co/3rWE9uHSTS,0
2021-02-10,@geoffkeighley @UnrealEngine Itâs getting real,0
2021-02-10,"Bought some Dogecoin for lil X, so he can be a toddler hodler",coin
2021-02-10,"@JoshManMode He definitely has issues, but the sentencing seems a bit high",0
2021-02-10,@freewalletorg Thanks for fixing,0
2021-02-10,@freewalletorg Please unlock my account,0
2021-02-10,@AstroJordy ð¤£ð¤£,0
2021-02-10,This is true power haha  https://t.co/Fc9uhQSd7O,0
2021-02-10,@freewalletorg Any crypto wallet that wonât give you your private keys should be avoided at all costs,crypto
2021-02-10,@freewalletorg Your app sucks,0
2021-02-09,@ajtourville Yes,0
2021-02-09,"@BLKMDL3 @RationalEtienne @Adamklotz_ Once we can predict cash flow reasonably well, Starlink will IPO",0
2021-02-09,"@RationalEtienne @Adamklotz_ Starlink is a staggeringly difficult technical &amp; economic endeavor. However, if we donât fail, the cost to end users will improve every year.",0
2021-02-09,@RationalEtienne @Adamklotz_ SpaceX needs to pass through a deep chasm of negative cash flow over the next year or so to make Starlink financially viable. Every new satellite constellation in history has gone bankrupt. We hope to be the first that does not.,0
2021-02-09,"@ID_AA_Carmack Lowest cost per ton of carbon sequestered, net of value of any product made.   Must be scalable to gigaton level.  Aiming for maximum usefulness.",0
2021-02-09,@Adamklotz_ Itâs meant to be the same price in all countries. Only difference should be taxes &amp; shipping.,0
2021-02-09,"@tobyliiiiiiiiii This is intended for Earth, but there may be some ideas that apply to Mars too",0
2021-02-09,@CryptoShrikar @CoinDesk @Tesla @Dan_Z_Palmer ð¤£ð¤£,0
2021-02-09,XPrize team will manage the $100M carbon capture prize,0
2021-02-09,"@SRuhle Everyone at Tesla receives stock.   My comp is all stock/options, which I do not take off the table.   Thatâs what youâre missing.",0
2021-02-08,Back to work I go â¦,0
2021-02-08,@CapybaraSurfer @MattWallace888 Does seem a bit high,0
2021-02-08,"@itsALLrisky Doge appears to be inflationary, but is not meaningfully so (fixed # of coins per unit time), whereas BTC is arguably deflationary to a fault.  Transaction speed of Doge should ideally be a few orders of magnitude faster.",coin
2021-02-08,@MichaelGalanin @kevinmgill Wow,0
2021-02-08,@Erdayastronaut @michaelhodapp_ 1. Orbital launch tower that can stack 2. Enough Raptors for orbit booster 3. Improve ship &amp; booster mass,0
2021-02-08,@michaelhodapp_ Back to work tonight!,0
2021-02-08,Ã is for Ãogecoin! Instructional video.  https://t.co/UEEocOfcTb,coin
2021-02-08,The people have spoken â¦,0
2021-02-07,@Nivetha_7_42 @lexfridman So cute ð,0
2021-02-07,"@UniverCurious Extremely misleading image, as doesnât reflect true time cost to people or rain &amp; pain",0
2021-02-07,ð¶ Who let the Doge out ð¶,0
2021-02-07,Hodl the rainforests!!,0
2021-02-07,So â¦ itâs finally come to this â¦  https://t.co/Gf0Rg2QOaF,0
2021-02-07,@itsALLrisky Itâs the most fun crypto!,crypto
2021-02-07,@JoshRoomsburg @SnoopDogg @genesimmons Its simplicity is its genius,0
2021-02-07,@astro_g_dogg @SpaceX Yup,0
2021-02-07,@Jbuttermost @Dogecoinrich ð¤£ð¤£,coin
2021-02-07,@wapodavenport True,0
2021-02-07,@Dogecoinrich ð¤£ð¤£,coin
2021-02-06,"@flcnhvy @AstroJordy Not that easy. This is two decades of intense work. Have to look at old notes, emails, texts.",0
2021-02-06,@AstroJordy Yes,0
2021-02-06,Lessons learned,0
2021-02-06,Of Earth and Mars,0
2021-02-06,Time to tell the story of Tesla &amp; SpaceX,0
2021-02-06,@TheOnion Have you read @TheBabylonBee? Itâs great!!,0
2021-02-06,The Second Last Kingdom  https://t.co/Je4EI88HmV,0
2021-02-06,@DumDin7 @Grimezsz Havenât heard that name in years â¦,0
2021-02-06,@Grimezsz Dogecake,0
2021-02-06,YOLT   https://t.co/cnOf9yjpF1,0
2021-02-06,@Kristennetten Thatâs Damian,0
2021-02-06,@Kristennetten Yeah,0
2021-02-06,@OwenSparks_ Sure,0
2021-02-06,The great thing about restaurants is that you get to hang out with strangers! - SJM,0
2021-02-06,The future currency of Earth,0
2021-02-06,@redlineshifter Just a scratch,0
2021-02-06,Much wow!,0
2021-02-05,@RationalEtienne ð¤,0
2021-02-05,@wonderofscience Destiny,0
2021-02-05,@RenataKonkoly @Teslarati @woodhaus2 Franz was essential,0
2021-02-05,"@Erdayastronaut @josh_bickett @ajtourville @SpaceX That said, the ship landing burn has a clear solution. My greatest concern is achieving good payload to orbit with rapid &amp; full reusability, without which we shall forever be confined to Earth.",0
2021-02-05,"@Adamklotz_ @Erdayastronaut @josh_bickett @ajtourville @SpaceX Will still use hot gas maneuvering (RCS) thrusters, as ~5X more efficient than nitrogen (300 sec vs 60 sec Isp)",0
2021-02-05,@Erdayastronaut @josh_bickett @ajtourville @SpaceX Higher Isp too,0
2021-02-05,"@Erdayastronaut @josh_bickett @ajtourville @SpaceX Intuitively, it would seem so, but turbopump-fed Raptors have much higher thrust &amp; propellant mass fraction than pressure-fed gas thrusters &amp; theyâre already there",0
2021-02-04,@brendan2908 @NASASpaceflight Yes,0
2021-02-04,@mikko @Darudevil Itâs true!,0
2021-02-04,"@josh_bickett @ajtourville @Erdayastronaut @SpaceX Yeah. By default, engine with least lever arm would shut down if all 3 are good.",0
2021-02-04,"@ajtourville @Erdayastronaut @SpaceX Yes, but engines have a min throttle point where there is flameout risk, so landing on 3 engines means high thrust/weight (further away from hover point), which is also risky",0
2021-02-04,@Adamklotz_ @Erdayastronaut @SpaceX Yes,0
2021-02-04,"@Erdayastronaut @SpaceX It was foolish of us not to start 3 engines &amp; immediately shut down 1, as 2 are needed to land",0
2021-02-04,"I am become meme, Destroyer of shorts",0
2021-02-04,@commander_cruz Might actually happen,0
2021-02-04,Sandstorm is a masterpiece,0
2021-02-04,@MadOverlord We were too dumb,0
2021-02-04,"Next time, we try pull *up* method  https://t.co/J1M7WHLRDR",0
2021-02-04,Low-key Loki,0
2021-02-04,"No highs, no lows, only Doge",0
2021-02-04,No need to be a gigachad to own,0
2021-02-04,Dogecoin is the peopleâs crypto,coin
2021-02-04,ur welcome  https://t.co/e2KF57KLxb,0
2021-02-04,@HuobiGlobal The most entertaining outcome is the most likely,0
2021-02-04,Doge,0
2021-02-04, https://t.co/vviUzWhodT,0
2021-02-04,@Erdayastronaut High seas &amp; wind,0
2021-02-04,This was a tough one,0
2021-02-02,Off Twitter for a while,0
2021-02-01,It will be filled with graffiti art,0
2021-02-01,@eiraum Ð¼Ñ ÑÐ´ÐµÐ»Ð°ÐµÐ¼,0
2021-02-01,Giga Berlin progress  https://t.co/ekpG5qcbUi,0
2021-02-01,"@hamoon__ @neuralink Neuralink is working super hard to ensure implant safety &amp; is in close communication with the FDA. If things go well, we might be able to do initial human trials later this year.",0
2021-01-31,"If youâve worked on advanced wearables, phones or robots, those skills are needed @neuralink",0
2021-01-31,Feels weird helping make (hopefully good version of) Cyberpunk come true,0
2021-01-31,Please consider working at Neuralink!  Short-term: solve brain/spine injuries Long-term: human/AI symbiosis   Latter will be species-level important   Work at either at our Bay Area or Austin locations,0
2021-01-31, https://t.co/XcCoKOjYlt,0
2021-01-31,On Clubhouse tonight at 10pm LA time,0
2021-01-31,@Erdayastronaut @TJ_Cooney @lrocket @SpaceX @FelixSchlang @MarcusHouseGame Tom has some great stories about experimenting with premixed O2/CH4 before SpaceX. That is not recommended haha.,0
2021-01-31,"@Erdayastronaut @TJ_Cooney @lrocket @SpaceX @FelixSchlang @MarcusHouseGame He became a big fan of methane, but was not pushing it initially. That came from me reading about Soviet methane engine tests that got over 380 Isp. At that Isp, a subcooled methane stage gets slightly better delta-V than a hydrogen stage.",0
2021-01-31,@TJ_Cooney @lrocket @SpaceX @FelixSchlang @MarcusHouseGame That sounds correct. Tom certainly deserves a lot of credit for his excellent work on those engines! Dean Ono too for Kestrel &amp; Draco.,0
2021-01-31,"@TJ_Cooney @lrocket @SpaceX @FelixSchlang @MarcusHouseGame Tom is great &amp; was instrumental in developing early versions of Merlin &amp; Kestrel, but not later versions of Merlin or Starship/Raptor",0
2021-01-30,"@ErcXspace @smvllstvrs T/W will be ~1.5, so it will accelerate unusually fast. High T/W is important for reusable vehicles to make more efficient use of propellant, the primary cost. For expendable rockets, throwing away stages is the primary cost, so optimization is low T/W.",0
2021-01-30,@we5dogg @teslaownersSV No escaping that for me,0
2021-01-30,@TheBabylonBee Read the whole article ð¤£ð¤£,0
2021-01-30,"Warm, sunny day &amp; snowy mountains  https://t.co/2k8psyqU4J",0
2021-01-30,What a beautiful day in LA  https://t.co/EsCJTbzO9D,0
2021-01-30,"@JayLav_ Yeah, Dr Frankensteen  https://t.co/WDJ9K2UJqK",0
2021-01-30,@YounesH1989 I never used this guy. He gave a talk at SpaceX once.,0
2021-01-30,@flcnhvy Only Halo,0
2021-01-30, https://t.co/pyRCFE97Xp,0
2021-01-29,@Carnage4Life I sure hope thatâs not true at Tesla or SpaceX!,0
2021-01-29,"@thejackbeyer @NASASpaceflight Cryoproof, then install engines",0
2021-01-29,Starship SN9 &amp; SN10  https://t.co/urtPJn7amo,0
2021-01-29,"In retrospect, it was inevitable",0
2021-01-29,@RGVaerialphotos Great shot,0
2021-01-29,"@its_menieb Live by the sword, die by the sword",0
2021-01-29,@lexfridman Entropy,0
2021-01-29,@teslaownersSV @GameSpot Buy &amp; hold companies that make goods &amp; produce services you love,0
2021-01-29,@engineers_feed Earth is small &amp; we are smaller still  https://t.co/gTOhcLGJ82,0
2021-01-28,@GameSpot ð,0
2021-01-28,"With Cyberpunk, even the hotfixes literally have hotfixes, but â¦ great game",0
2021-01-28, https://t.co/a6kmk0PEgM,0
2021-01-28,@DocumentingBTC The dollar is shorting itself,0
2021-01-28,@westcoastbill Indeed,0
2021-01-28,@JohnnaCrider1 @Iupsychdoctor @AOC @RobinhoodApp Shopify is great too. SpaceX used them.,0
2021-01-28,@ohqwix @BnnJ6bCghvzQxLb ð¤£ð¤£,0
2021-01-28,@wimgrommen @WSBChairman Indeed. The economy â making useful products &amp; providing great services â is what actually matters.,0
2021-01-28,"@Iupsychdoctor @AOC @RobinhoodApp TANSTAAFL. Would be better to have small fees than no fees, as latter makes Robinhood beholden to big trading houses. Got to pay the bills somehow. Even Etsy has fees.",0
2021-01-28,Here come the shorty apologists Give them no respect Get Shorty,0
2021-01-28,u canât sell houses u donât own u canât sell cars u donât own but  u *can* sell stock u donât own!? this is bs â shorting is a scam legal only for vestigial reasons,0
2021-01-28,@RationalEtienne @teslavangelist Yes,0
2021-01-28,"@28delayslater Finishing engineering this year, production starts next year. Aiming to have release candidate design drivable late summer. Tri-motor drive system &amp; advanced battery work were important precursors.",0
2021-01-28,@PPathole @Grimezsz I made that video!,0
2021-01-28,@AOC @RobinhoodApp Absolutely,0
2021-01-28,"@NASASpaceflight Unlike its aircraft division, which is fine, the FAA space division has a fundamentally broken regulatory structure.   Their rules are meant for a handful of expendable launches per year from a few government facilities. Under those rules, humanity will never get to Mars.",0
2021-01-28,@EvanKaylor Nomad,0
2021-01-28,@anbuteau ð¤,0
2021-01-28,The esthetics of Cyberpunk are incredible btw. The interior design isð.,0
2021-01-28,@TrevorMahlmann @SpaceX Major esthetics improvements coming,0
2021-01-28,@teslaownersSV @DMC_Ryan A little,0
2021-01-28,@DMC_Ryan New Roadster is part rocket,0
2021-01-28,@DMC_Ryan @lafebra @Gfilche Thereâs more storage now &amp; easily upgradable,0
2021-01-28,@avalonpenrose  https://t.co/djdZxQ4Maz,0
2021-01-28,@Couch_Investor Yes,0
2021-01-28,"@24_7TeslaNews @WholeMarsBlog Yeah, probably in a few months",0
2021-01-28,"@WholeMarsBlog After you drive without using a PRND stalk/stick for a few days, it gets very annoying to go back &amp; use a shifter!",0
2021-01-28,"@WholeMarsBlog No more stalks. Car guesses drive direction based on what obstacles it sees, context &amp; nav map. You can override on touchscreen.",0
2021-01-28,@avalonpenrose A hedge fund that shorts is a shrubbery,0
2021-01-28,@lafebra @Gfilche  https://t.co/M0WwQSTAXm,0
2021-01-28,"@lafebra @Gfilche Yeah, also a rear screen",0
2021-01-28,0 to 155mph trap speed in a 1/4 mile. 200mph top speed (with right tires).,0
2021-01-28,First production car ever to achieve 0 to 60 mph in less than 2 seconds,0
2021-01-28,It can play Cyberpunk,0
2021-01-28,Plaid Model S ships next month  https://t.co/HFUPTnQiPB,0
2021-01-28,Even Discord has gone corpo â¦,0
2021-01-26,@Jason Yup. Wild times on Discord haha.,0
2021-01-26, https://t.co/F23fxQkBCE,0
2021-01-26,@AndyColt2 Waiting for FAA review â¦,0
2021-01-26,Gamestonk!!   https://t.co/RZtkDzAewJ,0
2021-01-26,@LabPadre Passed initial pressure test,0
2021-01-26,@AdamHoov Yes,0
2021-01-26,@PPathole  https://t.co/v7cffwac0A,0
2021-01-26,Bought a hand knit wool Marvin the Martian helm for my dog,0
2021-01-26, https://t.co/gpcvjIBTLM,0
2021-01-26,I kinda love Etsy,0
2021-01-26,@thesheetztweetz It does not serve the public to hamstring Starlink today for an Amazon satellite system that is at best several years away from operation,0
2021-01-26,@nextspaceflight Weâre hoping for FAA approval of a test flight tomorrow afternoon,0
2021-01-25,"@WholeMarsBlog The entire âstackâ from data collection through labeling &amp; inference has to be in surround video. This is a hard problem. Critically, however, this does not require a hardware change to cars in field.",0
2021-01-25,"@flcnhvy @WholeMarsBlog Yes, although it will be crazy not to turn  on FSD",0
2021-01-25,@WholeMarsBlog Tesla is steadily moving all NNs to 8 camera surround video. This will enable superhuman self-driving.,0
2021-01-25,"@naval [Some tyranny]. Also, the road to hell is mostly paved with bad intentions.",0
2021-01-25,@levine Catchy!  https://t.co/Au32MYF2Rn,0
2021-01-25,@Megaconstellati @Aviation_Intel @jetcitystar @larrypress All sats launched next year will have laser links. Only our polar sats have lasers this year &amp; are v0.9.,0
2021-01-25,@Megaconstellati @Aviation_Intel @jetcitystar @larrypress Yup,0
2021-01-25,@TeslaGong @teslaownersSV @cleantechnica I hope so,0
2021-01-25,"@Tesmanian_com These also have laser links between the satellites, so no ground stations are needed over the poles",0
2021-01-25,@teslaownersSV @cleantechnica Sorry for the version confusion. V8.1 is what it should say for FSD. Separate version number for rest of car.,0
2021-01-25,"@cleantechnica To my surprise, Tesla has better AI hardware &amp; software than Waymo (money)",0
2021-01-25,@RicGuccio @teslaownersSV It floats,0
2021-01-24,@flcnhvy @boringcompany Fallout-themed opening party for Vegas Loop happening as soon as allowed!,0
2021-01-24,@Alex_E_Benton @boringcompany ð¤£ð¤£,0
2021-01-24,Under Vegas in @boringcompany tunnel yesterday with my boys  https://t.co/tLfOuiEdFm,0
2021-01-24,@PPathole @SpaceX Lasers,0
2021-01-24,@CodeWisdom ð¯,0
2021-01-23,@teslascope Weâre switching to a more sensible FSD version numbering to distinguish between major &amp; minor updates. Current build is FSD 8.1. It drove me to an unfamiliar location in LA &amp; back last night with no interventions!,0
2021-01-23,"@NASASpaceflight Hopefully, early next week",0
2021-01-23,"@arstechnica @SciGuySpace Given so many other companies are depending on this mission, it is getting even more scrutiny than a Starlink flight",0
2021-01-22,Launching many small satellites for a wide range of customers tomorrow. Excited about offering low-cost access to orbit for small companies!,0
2021-01-22,"@GerberKawasaki They are part of the solution, but require lots of fresh water &amp; land. We may need something thatâs ultra-large- scale industrial in 10 to 20 years. For now, by far the top priority is accelerating the transition to a sustainable energy economy.",0
2021-01-22,@Erdayastronaut @SpaceX SN9  https://t.co/kwTVwM7MBn,0
2021-01-22,"@Erdayastronaut Itâs a good path for fully renewable rocket energy, so solves part of problem, but longer chain hydrocarbons than CH4 are needed to be solid at room temp",0
2021-01-21,Details next week,0
2021-01-21,Am donating $100M towards a prize for best carbon capture technology,0
2021-01-21,@Kristennetten @SpaceX @EliBurton_ @EvaFoxU @JaneidyEve @austinbarnard45 @ElonsBrain @JasoN7Patterson @AstroJordy @RenataKonkoly Pretty much,0
2021-01-21,"@ElonsWorld @Tesla @SpaceX @neuralink @boringcompany @EashanMisra That would probably mean civilization is doing great, although depends on assumptions for inflation haha",0
2021-01-21,@LaurenRow5 @EvaFoxU @RenataKonkoly @sarapolak_cz @seanmmitchell @28delayslater @ElonsWorld @JohnnaCrider1 @chicago_glenn @xiang_aw Heâs everywhere ð¤£ð¤£,0
2021-01-20,@TesLatino @Tesla Absolutely! They rock. ð¤,0
2021-01-18,@kellyreid The rate-limiting part or process in cell production is constantly changing,0
2021-01-18,"@FrancisSuarez @CityofMiami Cars &amp; trucks stuck in traffic generate megatons of toxic gases &amp; particulate, but @boringcompany road tunnels under Miami would solve traffic &amp; be an example to the world.   Spoke with @RonDeSantisFL about tunnels last week. If Governor &amp; Mayor want this done, we will do it.",0
2021-01-18,"@RationalEtienne @OwenSparks_ @Tesla With our giant casting machines, we are literally trying to make full-size cars in the same way that toy cars are made",0
2021-01-18,@lexfridman @tegmark Tegmark is an exceptionally smart &amp; good human,0
2021-01-18,"@OwenSparks_ The best manufacturing technology is in ultra high volume industries, like food &amp; beverage, some medical (eg syringes) &amp; toys",0
2021-01-18,Battery cell production is the fundamental rate-limiter slowing down a sustainable energy future. Very important problem.,0
2021-01-18,@p_ferragu Looking into this. No question that FSD should be viewed as reasonably valuable when doing a trade-in.,0
2021-01-18,@tobyliiiiiiiiii @Erdayastronaut For sure,0
2021-01-18,@Erdayastronaut Glad youâre ok,0
2021-01-18,@Virgin_Orbit Congratulations!,0
2021-01-17,@teslaownersSV This is a good one,0
2021-01-16,@MrBeastYT I whistle,0
2021-01-16,@DMC_Ryan @C_R_H_M @Tesla Cybertruck doesnât need a garage,0
2021-01-16,@DMC_Ryan @Tesla It will be awesome,0
2021-01-16,@owenshift Good point,0
2021-01-16,@signalapp Your server-side code is doing too much,0
2021-01-15,@Wikipedia Happy birthday Wikipedia! So glad you exist.,0
2021-01-15,@TheOnion Guess you been watching Cobra Kai,0
2021-01-15,@SuperclusterHQ @w00ki33 Fallout New Texas,0
2021-01-15,@Breedlove22 @benmezrich Only Chuck Norris can divide by zero,0
2021-01-15,@Cerberu21014829 @Breedlove22 @benmezrich Good point,0
2021-01-15,@Breedlove22 @benmezrich The thing we call money is just an information system for labor allocation.   What actually matters is making goods &amp; providing services.   We should look at currencies from an information theory standpoint.   Whichever has least error &amp; latency will win.,0
2021-01-15,Monty Python is amazing  https://t.co/UJq94IWT88,0
2021-01-15,@RationalEtienne @tobyliiiiiiiiii @Erdayastronaut They sure can twist the knife in that show!,0
2021-01-15,@tobyliiiiiiiiii @Erdayastronaut Probably wise,0
2021-01-15,@Erdayastronaut Weâre making major improvements to ease of engine swap. Needs to be a few hours at most.,0
2021-01-15,"@PPathole @johnkrausphotos @SpaceX Two of the engines need slight repairs, so will be switched out",0
2021-01-15,@johnkrausphotos @SpaceX Nice shot,0
2021-01-15,"@realOmarAbdalah We donât have high school internships, but please apply when youâre in college!",0
2021-01-14,"@skorusARK Prototypes are easy, volume production is hard, positive cash flow is  excruciating",0
2021-01-14,@Tesla Physics,0
2021-01-13,@Erdayastronaut Detanking &amp; inspections now. Good progress towards our âHop in &amp; go to Mars!â goal.,0
2021-01-13,All three static fires completed &amp; no RUDs!,0
2021-01-13,"@justpaulinelol @Erdayastronaut @SpaceX Wow, a lot has happened in 10 years!",0
2021-01-13,@OfficialJlipper Fair enough haha,0
2021-01-13, https://t.co/ho7yGXAS3a,0
2021-01-13,@NASASpaceflight Sea shanty tiktok takes it to a new level with actual pirate ships,0
2021-01-13,@ConnectDotsToo Sure,0
2021-01-13,"Today at SpaceX is about practicing Starship engine starts. Ship is held down by massive pins while engines are fired. Two starts completed, about to try a third.",0
2021-01-13,@Tesmanian_com As promised,0
2021-01-13,Legalize comedy,0
2021-01-13,@lvladimirovBG You can steal our name/logos &amp; we probably wonât sue you,0
2021-01-13,@arstechnica @SciGuySpace Weâre just trying to get people to Mars. Help would be appreciated.,0
2021-01-13,"@SpaceX @Space_Station One day, we will get a camera up there that also shows the star field in the background",0
2021-01-13,@lexfridman Suicide is more than double homicide  https://t.co/MvWGPs9uQE,0
2021-01-13,@lexfridman Absolutely,0
2021-01-12,Hey you â¦ Yeah you Queen â¦ Youâre gonna make it! ðð  https://t.co/LrqdIrbIyd,0
2021-01-12,"@TheOldManPar @DJSnM @MachinePix Hate to say it, but might be true",0
2021-01-12,@MachinePix The robot future is coming,0
2021-01-12,"@wonderofscience @physicsJ 300km every millisecond, but there are times I wish it were faster",0
2021-01-12, https://t.co/TKkruvgBth  https://t.co/ocy2gFRYvN,0
2021-01-12,@iamdevloper  https://t.co/BkKeiIicYe,0
2021-01-12,Mus protec ð¶ yoda  https://t.co/1dvhG0nTkU,0
2021-01-12,@roscosmos ÐÐ½ Ð±ÑÐ» Ð²ÐµÐ»Ð¸ÐºÐ¾Ð»ÐµÐ¿ÐµÐ½,0
2021-01-12,@RationalEtienne @TheBabylonBee This is an important distinction,0
2021-01-11,@ValaAfshar Much more than this &amp; increasing rapidly,0
2021-01-11,@CodingMark @flcnhvy It is,0
2021-01-11,"@archillect Once in a while, something happens that is even better than we imagined",0
2021-01-11,@skorusARK The factory is the product,0
2021-01-11,@AustinTeslaClub @TheBabylonBee Probably commenting on @signalapp will do more,0
2021-01-11,@PPathole I bought the replacement glass from a junkyard for $20. Theyâre great places to get spare parts.,0
2021-01-11,@TheBabylonBee A lot of people are going to be super unhappy with West Coast high tech as the de facto arbiter of free speech,0
2021-01-11,@alexandersibert @signalapp Already donated to Signal a year ago. Will donate more.,0
2021-01-10,"@benmezrich I am primarily trying to advance two causes: sustainable energy &amp; extending life/consciousness beyond Earth. There is also the existential threat of AI, which we should aspire to mitigate. This doesnât leave time to write books.",0
2021-01-10,@song_wooseok @GerberKawasaki @benmezrich ð¤£ð¤£,0
2021-01-09,@Ragazaga5 @SpacePadreIsle Maybe a Tesla AI day later this year,0
2021-01-09,@SpacePadreIsle The Prancing Pony?,0
2021-01-09,@BoredElonMusk ð¤£ð¤£,0
2021-01-09,@erigganewmoney ð¢,0
2021-01-09,@mayemusk Itâs true,0
2021-01-09,"@glenn22x @woketopiansa Yes, but not for long",0
2021-01-09,"@woketopiansa Yeah, they seemed optimistic too",0
2021-01-09,"My 14-year-old son, Saxon, said he feels like 2021 will be a good year. I agree. Let us all make it so.",0
2021-01-09,@Erdayastronaut @SpaceX Was also thinking that SpaceX Boca should hold fun parties and give tours for the community from time to time,0
2021-01-09,"@Erdayastronaut @SpaceX I super support public spaces around our production &amp; launch sites, wherever it can be done safely and securely. When covid passes, we will open up our restaurant to the public &amp; figure out ways to allow limited access to the High Bar.",0
2021-01-09,@Christo49699922 @sean18743005 @Erdayastronaut @SpaceX That too,0
2021-01-09,@sean18743005 @Erdayastronaut @SpaceX Catapult high into the air &amp; land on the roof with a base jumping parachute (the only way to travel),0
2021-01-09,"@Erdayastronaut @SpaceX Thatâs actually our restaurant, but SpaceX is building a futuristic bar at the top of the high bay with 360 degree windows &amp; a glass floor looking down on the rocket factory",0
2021-01-09,@techreview And increase fun! Hopefully.,0
2021-01-09,@benmezrich Me neither,0
2021-01-09,@TonyChoMrMagic @TeslaEnergy One of the best Tesla Solar Roof installations,0
2021-01-09,"@91demigod No, but maybe one day",0
2021-01-09,"@PPathole @engineers_feed Yes, that would be the best way to do it. A large solar field or reactor is needed for power, and then some ice mining droids or long maneuvering drills are needed for the H2O. These are probably the trickier bits.",0
2021-01-09,@engineers_feed His sick beats  https://t.co/8PbsgffzRp,0
2021-01-08,"@flcnhvy Probably less than a few dozen primary decision-makers. Technically, only three.",0
2021-01-08,"@Erdayastronaut @lexfridman Or at least the option for verification, so that the public can ascribe more credibility to verified vs unverified accounts",0
2021-01-08,Launch underway,0
2021-01-08,"Btw, critical feedback is always super appreciated, as well as ways to donate money that really make a difference (way harder than it seems)",0
2021-01-07,@eugenelee3 @engineers_feed Yup,0
2021-01-07,"@engineers_feed Indirectly, an electric rocket is possible by using electricity to convert CO2+H2O â&gt; CH4+O2. This will be needed on Mars even for early missions &amp; Earth too over time.",0
2021-01-07,"@engineers_feed Not to get to orbit, unfortunately. In space, photon emission powered by matter-antimatter annihilation would rock, but thatâs more of a long-term solution.",0
2021-01-07,"@Teslarati @ResidentSponge This will be hard to make, as it isnât like any other vehicle",0
2021-01-07,@4thFromOurStar Playing the long game,0
2021-01-07,@ashleevance True,0
2021-01-07,"@ID_AA_Carmack I hope so. Wings donât work on the moon at all and def not well on Mars. Also, no runways.",0
2021-01-07,@EricRWeinstein Hamiltonians have +2V the potential of Langrangians and a play!,0
2021-01-07, https://t.co/2ja38Z8MRE,0
2021-01-07,"@teslaownersSV Well, back to work â¦",0
2021-01-07,@teslaownersSV How strange,0
2021-01-07,Use Signal,0
2021-01-07,@TheHackersNews Ya donât say. Reminds me of this timeless classic â¦  https://t.co/Gq1wayoTIr,0
2021-01-07,@UniverCurious Fast water with tiny rocks,0
2021-01-07,"@flcnhvy Yes, and then Occamâs razor is actually third most likely",0
2021-01-07,"As seen from an external observer, not the participants",0
2021-01-07,The most entertaining outcome is the most likely,0
2021-01-07,@PPathole Dumb and Dumber is a great movie tho,0
2021-01-07,This is called the domino effect  https://t.co/qpbEW54RvM,0
2021-01-05,@Dtrford @austinbarnard45 @AlexSvanArt @ErcXspace @SpceEnthusiast @SpacexVision @TomDixonDesign @SpaceX @spaceXcentric Doesnât quite illustrate true size difference. Starship payload volume &amp; mass are &gt;1000% that of Shuttle.,0
2021-01-04,"Because of the large footprint, it may seem flat, but actually ranges up to 5 stories tall",0
2021-01-04,Snow falling on Giga Berlin  https://t.co/eTXMtYp8hG,0
2021-01-03,@RGVaerialphotos @SpaceX Yes,0
2021-01-02,@Gfilche ð,0
2021-01-02,@flcnhvy Tesla is responsible for 2/3 of all the personal &amp; professional pain in my life combined. But it was worth it.,0
2021-01-02,"So proud of the Tesla team for achieving this major milestone! At the start of Tesla, I thought we had (optimistically) a 10% chance of surviving at all.",0
2021-01-02,"@newscientist Um, we have giant fusion reactor in the sky that works with no maintenance",0
2021-01-02,"@comma_ai Tesla Full Self-Driving will work at a safety level well above that of the average driver this year, of that I am confident. Canât speak for regulators though.",0
2021-01-01,"@PPathole Dojo isnât needed, but will make self-driving better. It isnât enough to be safer than human drivers, Autopilot ultimately needs to be more than 10 times safer than human drivers.",0
2020-12-31,Ignore the heading,0
2020-12-31,Great interview with Mathias DÃ¶pfner  https://t.co/ewnaHc4cH0,0
2020-12-31,@jack ð© The Greatest Gatsby ð©,0
2020-12-31,@flcnhvy Inspired by the ballet,0
2020-12-31,"@smvllstvrs @ErcXspace Rocket motion is primarily vertical, so you want the top open",0
2020-12-31,@jack Letâs make the roaring 20âs again!,0
